date,rate
2025-11-15,48.8827
2025-11-14,48.8827
2025-11-13,48.6544
2025-11-12,48.6101
2025-11-11,48.543
2025-11-10,48.5058
2025-11-09,48.5224
2025-11-08,48.5224
2025-11-07,48.5224
2025-11-06,48.3351
2025-11-05,48.3329
2025-11-04,48.4269
2025-11-03,48.4088
2025-11-02,48.5132
2025-11-01,48.5132
2025-10-31,48.5132
2025-10-30,48.8657
2025-10-29,48.9784
2025-10-28,48.9742
2025-10-27,48.7668
2025-10-26,48.5502
2025-10-25,48.5502
2025-10-24,48.5502
2025-10-23,48.369
2025-10-22,48.4732
2025-10-21,48.663
2025-10-20,48.7624
2025-10-19,48.5224
2025-10-18,48.5224
2025-10-17,48.5224
2025-10-16,48.5301
2025-10-15,48.2354
2025-10-14,48.1347
2025-10-13,48.1094
2025-10-12,48.2053
2025-10-11,48.2053
2025-10-10,48.2053
2025-10-09,48.1386
2025-10-08,48.1742
2025-10-07,48.2696
2025-10-06,48.3818
2025-10-05,48.5039
2025-10-04,48.5039
2025-10-03,48.5039
2025-10-02,48.3734
2025-10-01,48.3028
2025-09-30,48.4408
2025-09-29,48.4059
2025-09-28,48.7118
2025-09-27,48.7118
2025-09-26,48.7118
2025-09-25,48.6573
2025-09-24,48.8012
2025-09-23,48.7304
2025-09-22,48.4215
2025-09-21,48.785
2025-09-20,48.785
2025-09-19,48.785
2025-09-18,48.7738
2025-09-17,48.6567
2025-09-16,48.4967
2025-09-15,48.3929
2025-09-14,48.2739
2025-09-13,48.2739
2025-09-12,48.2739
2025-09-11,48.2408
2025-09-10,48.2916
2025-09-09,48.3818
2025-09-08,48.1634
2025-09-07,48.1348
2025-09-06,48.1348
2025-09-05,48.1348
2025-09-04,48.2024
2025-09-03,48.1756
2025-09-02,48.4675
2025-09-01,48.196
2025-08-31,48.1341
2025-08-30,48.1341
2025-08-29,48.1341
2025-08-28,47.88
2025-08-27,48.2655
2025-08-26,48.4731
2025-08-25,47.91
2025-08-24,47.9825
2025-08-23,47.9825
2025-08-22,47.9825
2025-08-21,48.1684
2025-08-20,48.3241
2025-08-19,48.1739
2025-08-18,48.3059
2025-08-17,48.4405
2025-08-16,48.4405
2025-08-15,48.4405
2025-08-14,48.6472
2025-08-13,48.0758
2025-08-12,48.1969
2025-08-11,48.1939
2025-08-10,48.276
2025-08-09,48.276
2025-08-08,48.276
2025-08-07,48.2854
2025-08-06,48.0914
2025-08-05,48.347
2025-08-04,47.6448
2025-08-03,47.7491
2025-08-02,47.7491
2025-08-01,47.7491
2025-07-31,48.1481
2025-07-30,48.224
2025-07-29,48.6967
2025-07-28,48.9815
2025-07-27,49.1009
2025-07-26,49.1009
2025-07-25,49.1009
2025-07-24,48.9821
2025-07-23,48.8654
2025-07-22,48.7907
2025-07-21,48.607
2025-07-20,48.4527
2025-07-19,48.4527
2025-07-18,48.4527
2025-07-17,48.5197
2025-07-16,48.8031
2025-07-15,48.8973
2025-07-14,48.8416
2025-07-13,48.975
2025-07-12,48.975
2025-07-11,48.975
2025-07-10,48.8427
2025-07-09,49.0563
2025-07-08,49.0285
2025-07-07,49.121
2025-07-06,49.1758
2025-07-05,49.1758
2025-07-04,49.1758
2025-07-03,49.1328
2025-07-02,49.4093
2025-07-01,48.9856
2025-06-30,48.7823
2025-06-29,48.638
2025-06-28,48.638
2025-06-27,48.638
2025-06-26,48.3238
2025-06-25,48.5084
2025-06-24,48.0209
2025-06-23,48.2006
2025-06-22,47.859
2025-06-21,47.859
2025-06-20,47.859
2025-06-19,47.9028
2025-06-18,48.0159
2025-06-17,48.0675
2025-06-16,47.6926
2025-06-15,48.0825
2025-06-14,48.0825
2025-06-13,48.0825
2025-06-12,47.4562
2025-06-11,47.5033
2025-06-10,47.3713
2025-06-09,47.2726
2025-06-08,47.3773
2025-06-07,47.3773
2025-06-06,47.3773
2025-06-05,47.2013
2025-06-04,47.4263
2025-06-03,47.5032
2025-06-02,47.074
2025-06-01,46.8026
2025-05-31,46.8026
2025-05-30,46.8026
2025-05-29,47.0761
2025-05-28,47.3104
2025-05-27,47.295
2025-05-26,46.9949
2025-05-25,46.9281
2025-05-24,46.9281
2025-05-23,46.9281
2025-05-22,46.9138
2025-05-21,46.6521
2025-05-20,46.8562
2025-05-19,46.449
2025-05-18,46.3831
2025-05-17,46.3831
2025-05-16,46.3831
2025-05-15,46.5886
2025-05-14,46.0924
2025-05-13,46.1578
2025-05-12,46.7528
2025-05-11,46.887
2025-05-10,46.887
2025-05-09,46.887
2025-05-08,47.0745
2025-05-07,46.9637
2025-05-06,47.1868
2025-05-05,47.3127
2025-05-04,47.0808
2025-05-03,47.0808
2025-05-02,47.0808
2025-05-01,47.1687
2025-04-30,47.284
2025-04-29,47.3921
2025-04-28,47.3856
2025-04-27,47.4171
2025-04-26,47.4171
2025-04-25,47.4171
2025-04-24,47.5421
2025-04-23,47.7131
2025-04-22,47.7653
2025-04-21,47.0253
2025-04-20,47.0043
2025-04-19,47.0043
2025-04-18,47.0043
2025-04-17,46.8205
2025-04-16,46.6104
2025-04-15,47.0271
2025-04-14,46.9153
2025-04-13,45.8415
2025-04-12,45.8415
2025-04-11,45.8415
2025-04-10,45.5471
2025-04-09,45.0258
2025-04-08,45.0532
2025-04-07,45.5524
2025-04-06,45.8531
2025-04-05,45.8531
2025-04-04,45.8531
2025-04-03,44.6339
2025-04-02,44.6084
2025-04-01,44.8278
2025-03-31,44.7472
2025-03-30,44.7471
2025-03-29,44.7471
2025-03-28,44.7471
2025-03-27,44.823
2025-03-26,45.1389
2025-03-25,45.0886
2025-03-24,44.9807
2025-03-23,45.0014
2025-03-22,45.0014
2025-03-21,45.0014
2025-03-20,45.3229
2025-03-19,45.3483
2025-03-18,45.1649
2025-03-17,45.2291
2025-03-16,45.0007
2025-03-15,45.0007
2025-03-14,45.0007
2025-03-13,45.1644
2025-03-12,45.2141
2025-03-11,44.7716
2025-03-10,44.7281
2025-03-09,44.5596
2025-03-08,44.5596
2025-03-07,44.5596
2025-03-06,44.2493
2025-03-05,43.8775
2025-03-04,43.5417
2025-03-03,43.1134
2025-03-02,43.4942
2025-03-01,43.4942
2025-02-28,43.4942
2025-02-27,43.6252
2025-02-26,43.7892
2025-02-25,43.6448
2025-02-24,43.5093
2025-02-23,43.5511
2025-02-22,43.5511
2025-02-21,43.5511
2025-02-20,43.4737
2025-02-19,43.4661
2025-02-18,43.5168
2025-02-17,43.5907
2025-02-16,43.4361
2025-02-15,43.4361
2025-02-14,43.4361
2025-02-13,43.3557
2025-02-12,43.0114
2025-02-11,42.8955
2025-02-10,43.0327
2025-02-09,42.9792
2025-02-08,42.9792
2025-02-07,42.9792
2025-02-06,43.4081
2025-02-05,43.117
2025-02-04,42.8627
2025-02-03,43.3244
2025-02-02,43.5097
2025-02-01,43.5097
2025-01-31,43.5097
2025-01-30,43.6192
2025-01-29,43.7843
2025-01-28,44.146
2025-01-27,43.9168
2025-01-26,43.6709
2025-01-25,43.6709
2025-01-24,43.6709
2025-01-23,43.8735
2025-01-22,43.6419
2025-01-21,43.4998
2025-01-20,43.3684
2025-01-19,43.32
2025-01-18,43.32
2025-01-17,43.32
2025-01-16,43.5297
2025-01-15,43.3218
2025-01-14,43.1273
2025-01-13,43.5738
2025-01-12,43.5594
2025-01-11,43.5594
2025-01-10,43.5594
2025-01-09,43.4272
2025-01-08,43.8767
2025-01-07,43.9091
2025-01-06,43.3347
2025-01-05,43.3753
2025-01-04,43.3753
2025-01-03,43.3753
2025-01-02,43.6052
2025-01-01,43.6855
2024-12-31,43.9266
2024-12-30,43.7479
2024-12-29,43.5122
2024-12-28,43.5122
2024-12-27,43.5122
2024-12-26,43.5159
2024-12-25,43.6334
2024-12-24,43.6454
2024-12-23,43.5114
2024-12-22,43.577
2024-12-21,43.577
2024-12-20,43.577
2024-12-19,43.9581
2024-12-18,43.9143
2024-12-17,43.8064
2024-12-16,43.7373
2024-12-15,43.7042
2024-12-14,43.7042
2024-12-13,43.7042
2024-12-12,43.7997
2024-12-11,43.8215
2024-12-10,43.8525
2024-12-09,43.8567
2024-12-08,43.8146
2024-12-07,43.8146
2024-12-06,43.8146
2024-12-05,43.7043
2024-12-04,43.8238
2024-12-03,43.7242
2024-12-02,43.901
2024-12-01,43.8626
2024-11-30,43.8626
2024-11-29,43.8626
2024-11-28,43.8017
2024-11-27,43.6824
2024-11-26,43.4733
2024-11-25,42.9927
2024-11-24,43.4659
2024-11-23,43.4659
2024-11-22,43.4659
2024-11-21,43.5635
2024-11-20,43.691
2024-11-19,43.6345
2024-11-18,43.6532
2024-11-17,43.4677
2024-11-16,43.4677
2024-11-15,43.4677
2024-11-14,43.9499
2024-11-13,43.9416
2024-11-12,43.9949
2024-11-11,44.4864
2024-11-10,44.5642
2024-11-09,44.5642
2024-11-08,44.5642
2024-11-07,44.3374
2024-11-06,45.1503
2024-11-05,45.1417
2024-11-04,44.968
2024-11-03,44.8467
2024-11-02,44.8467
2024-11-01,44.8467
2024-10-31,44.635
2024-10-30,44.6074
2024-10-29,44.6975
2024-10-28,44.7136
2024-10-27,44.5413
2024-10-26,44.5413
2024-10-25,44.5413
2024-10-24,44.4355
2024-10-23,44.7081
2024-10-22,44.813
2024-10-21,44.7272
2024-10-20,44.7937
2024-10-19,44.7937
2024-10-18,44.7937
2024-10-17,44.9132
2024-10-16,44.9232
2024-10-15,44.9575
2024-10-14,45.0238
2024-10-13,45.0477
2024-10-12,45.0477
2024-10-11,45.0477
2024-10-10,45.1274
2024-10-09,45.2437
2024-10-08,45.221
2024-10-07,45.4322
2024-10-06,45.5236
2024-10-05,45.5236
2024-10-04,45.5236
2024-10-03,45.7147
2024-10-02,45.7106
2024-10-01,46.1539
2024-09-30,45.9541
2024-09-29,45.9598
2024-09-28,45.9598
2024-09-27,45.9598
2024-09-26,46.1958
2024-09-25,46.0414
2024-09-24,45.9928
2024-09-23,46.1486
2024-09-22,46.2396
2024-09-21,46.2396
2024-09-20,46.2396
2024-09-19,46.1099
2024-09-18,46.1245
2024-09-17,46.0079
2024-09-16,45.7959
2024-09-15,45.4595
2024-09-14,45.4595
2024-09-13,45.4595
2024-09-12,45.4894
2024-09-11,45.3774
2024-09-10,45.383
2024-09-09,45.5574
2024-09-08,45.5882
2024-09-07,45.5882
2024-09-06,45.5882
2024-09-05,45.6065
2024-09-04,45.5431
2024-09-03,45.4622
2024-09-02,45.5018
2024-09-01,45.7045
2024-08-31,45.7045
2024-08-30,45.7045
2024-08-29,45.8791
2024-08-28,46.1041
2024-08-27,46.1816
2024-08-26,45.8406
2024-08-25,45.9826
2024-08-24,45.9826
2024-08-23,45.9826
2024-08-22,45.898
2024-08-21,45.8195
2024-08-20,45.6085
2024-08-19,45.2991
2024-08-18,45.3055
2024-08-17,45.3055
2024-08-16,45.3055
2024-08-15,45.5497
2024-08-14,45.1957
2024-08-13,45.1058
2024-08-12,44.8855
2024-08-11,44.809
2024-08-10,44.809
2024-08-09,44.809
2024-08-08,44.7676
2024-08-07,44.7931
2024-08-06,45.1474
2024-08-05,44.6467
2024-08-04,44.4013
2024-08-03,44.4013
2024-08-02,44.4013
2024-08-01,44.4016
2024-07-31,44.4181
2024-07-30,44.4055
2024-07-29,44.6324
2024-07-28,44.683
2024-07-27,44.683
2024-07-26,44.683
2024-07-25,44.7044
2024-07-24,44.7693
2024-07-23,44.9952
2024-07-22,45.186
2024-07-21,45.2618
2024-07-20,45.2618
2024-07-19,45.2618
2024-07-18,45.3457
2024-07-17,44.9789
2024-07-16,44.7263
2024-07-15,44.686
2024-07-14,44.3818
2024-07-13,44.3818
2024-07-12,44.3818
2024-07-11,44.0776
2024-07-10,44.0846
2024-07-09,44.0781
2024-07-08,43.8624
2024-07-07,43.7814
2024-07-06,43.7814
2024-07-05,43.7814
2024-07-04,43.8495
2024-07-03,43.6977
2024-07-02,43.6853
2024-07-01,43.2658
2024-06-30,43.3547
2024-06-29,43.3547
2024-06-28,43.3547
2024-06-27,43.3133
2024-06-26,43.545
2024-06-25,43.5188
2024-06-24,43.2347
2024-06-23,43.4276
2024-06-22,43.4276
2024-06-21,43.4276
2024-06-20,43.5744
2024-06-19,43.4486
2024-06-18,43.5366
2024-06-17,43.4782
2024-06-16,43.885
2024-06-15,43.885
2024-06-14,43.885
2024-06-13,43.532
2024-06-12,43.4594
2024-06-11,43.4726
2024-06-10,43.8709
2024-06-09,43.627
2024-06-08,43.627
2024-06-07,43.627
2024-06-06,43.6083
2024-06-05,43.7671
2024-06-04,43.8939
2024-06-03,43.985
2024-06-02,43.8171
2024-06-01,43.8171
2024-05-31,43.8171
2024-05-30,43.9202
2024-05-29,43.9708
2024-05-28,43.759
2024-05-27,43.491
2024-05-26,43.3137
2024-05-25,43.3137
2024-05-24,43.3137
2024-05-23,43.1106
2024-05-22,43.2643
2024-05-21,43.0802
2024-05-20,42.7549
2024-05-19,42.8452
2024-05-18,42.8452
2024-05-17,42.8452
2024-05-16,42.8501
2024-05-15,42.8305
2024-05-14,42.7495
2024-05-13,42.8148
2024-05-12,42.4312
2024-05-11,42.4312
2024-05-10,42.4312
2024-05-09,42.3168
2024-05-08,42.3087
2024-05-07,42.3983
2024-05-06,42.3359
2024-05-05,42.3098
2024-05-04,42.3098
2024-05-03,42.3098
2024-05-02,42.2986
2024-05-01,42.3641
2024-04-30,42.4972
2024-04-29,42.4409
2024-04-28,42.5205
2024-04-27,42.5205
2024-04-26,42.5205
2024-04-25,42.1833
2024-04-24,42.262
2024-04-23,42.3118
2024-04-22,42.3821
2024-04-21,42.2789
2024-04-20,42.2789
2024-04-19,42.2789
2024-04-18,42.0562
2024-04-17,42.1222
2024-04-16,42.1618
2024-04-15,41.9678
2024-04-14,42.019
2024-04-13,42.019
2024-04-12,42.019
2024-04-11,42.3616
2024-04-10,42.3519
2024-04-09,42.2008
2024-04-08,42.091
2024-04-07,42.3485
2024-04-06,42.3485
2024-04-05,42.3485
2024-04-04,42.2643
2024-04-03,42.2768
2024-04-02,42.1384
2024-04-01,42.1601
2024-03-31,42.367
2024-03-30,42.367
2024-03-29,42.367
2024-03-28,42.442
2024-03-27,42.6911
2024-03-26,42.4898
2024-03-25,42.1252
2024-03-24,42.4693
2024-03-23,42.4693
2024-03-22,42.4693
2024-03-21,42.4394
2024-03-20,42.4641
2024-03-19,42.447
2024-03-18,42.2452
2024-03-17,42.287
2024-03-16,42.287
2024-03-15,42.287
2024-03-14,42.4183
2024-03-13,42.0414
2024-03-12,41.9559
2024-03-11,41.6957
2024-03-10,41.4883
2024-03-09,41.4883
2024-03-08,41.4883
2024-03-07,41.5918
2024-03-06,41.6463
2024-03-05,41.5433
2024-03-04,41.2635
2024-03-03,41.2035
2024-03-02,41.2035
2024-03-01,41.2035
2024-02-29,41.2968
2024-02-28,41.7179
2024-02-27,41.5985
2024-02-26,41.5628
2024-02-25,41.728
2024-02-24,41.728
2024-02-23,41.728
2024-02-22,41.7213
2024-02-21,41.5421
2024-02-20,41.2403
2024-02-19,40.8919
2024-02-18,40.7718
2024-02-17,40.7718
2024-02-16,40.7718
2024-02-15,40.8684
2024-02-14,41.1212
2024-02-13,40.8092
2024-02-12,40.5129
2024-02-11,40.4129
2024-02-10,40.4129
2024-02-09,40.4129
2024-02-08,40.5035
2024-02-07,40.3946
2024-02-06,40.3747
2024-02-05,40.8797
2024-02-04,40.6695
2024-02-03,40.6695
2024-02-02,40.6695
2024-02-01,40.7067
2024-01-31,41.0845
2024-01-30,41.0042
2024-01-29,41.0567
2024-01-28,40.9161
2024-01-27,40.9161
2024-01-26,40.9161
2024-01-25,40.8837
2024-01-24,40.6905
2024-01-23,40.7928
2024-01-22,40.8404
2024-01-21,41.0146
2024-01-20,41.0146
2024-01-19,41.0146
2024-01-18,41.21
2024-01-17,41.2848
2024-01-16,41.4763
2024-01-15,41.3879
2024-01-14,41.741
2024-01-13,41.741
2024-01-12,41.741
2024-01-11,41.8015
2024-01-10,41.8185
2024-01-09,41.7973
2024-01-08,41.573
2024-01-07,41.6665
2024-01-06,41.6665
2024-01-05,41.6665
2024-01-04,41.6073
2024-01-03,41.7209
2024-01-02,42.0059
2024-01-01,41.996
2023-12-31,42.2079
2023-12-30,42.2079
2023-12-29,42.2079
2023-12-28,41.6334
2023-12-27,41.1538
2023-12-26,41.3611
2023-12-25,41.3753
2023-12-24,41.2846
2023-12-23,41.2846
2023-12-22,41.2846
2023-12-21,41.0664
2023-12-20,40.9219
2023-12-19,40.5918
2023-12-18,40.5122
2023-12-17,40.413
2023-12-16,40.413
2023-12-15,40.413
2023-12-14,39.9217
2023-12-13,39.9376
2023-12-12,39.6738
2023-12-11,39.601
2023-12-10,39.496
2023-12-09,39.496
2023-12-08,39.496
2023-12-07,39.5433
2023-12-06,39.6461
2023-12-05,39.7135
2023-12-04,39.6582
2023-12-03,39.7235
2023-12-02,39.7235
2023-12-01,39.7235
2023-11-30,39.9582
2023-11-29,39.8172
2023-11-28,39.6579
2023-11-27,39.358
2023-11-26,39.27
2023-11-25,39.27
2023-11-24,39.27
2023-11-23,39.3352
2023-11-22,39.466
2023-11-21,39.3986
2023-11-20,39.2582
2023-11-19,39.3054
2023-11-18,39.3054
2023-11-17,39.3054
2023-11-16,39.3939
2023-11-15,38.9392
2023-11-14,38.5945
2023-11-13,38.542
2023-11-12,38.5225
2023-11-11,38.5225
2023-11-10,38.5225
2023-11-09,38.4518
2023-11-08,38.484
2023-11-07,38.7206
2023-11-06,38.7278
2023-11-05,38.6703
2023-11-04,38.6703
2023-11-03,38.6703
2023-11-02,38.2311
2023-11-01,38.5451
2023-10-31,38.5624
2023-10-30,38.3774
2023-10-29,38.4687
2023-10-28,38.4687
2023-10-27,38.4687
2023-10-26,38.6171
2023-10-25,38.9091
2023-10-24,38.7613
2023-10-23,38.7033
2023-10-22,38.6511
2023-10-21,38.6511
2023-10-20,38.6511
2023-10-19,38.609
2023-10-18,38.5503
2023-10-17,38.2806
2023-10-16,38.2782
2023-10-15,38.6422
2023-10-14,38.6422
2023-10-13,38.6422
2023-10-12,38.6394
2023-10-11,38.6049
2023-10-10,38.4827
2023-10-09,38.6533
2023-10-08,38.5406
2023-10-07,38.5406
2023-10-06,38.5406
2023-10-05,38.4288
2023-10-04,38.3263
2023-10-03,38.5177
2023-10-02,38.7408
2023-10-01,38.5543
2023-09-30,38.5543
2023-09-29,38.5543
2023-09-28,38.5506
2023-09-27,38.7609
2023-09-26,38.8724
2023-09-25,38.898
2023-09-24,38.8944
2023-09-23,38.8944
2023-09-22,38.8944
2023-09-21,39.1394
2023-09-20,39.154
2023-09-19,38.9931
2023-09-18,38.9602
2023-09-17,39.2381
2023-09-16,39.2381
2023-09-15,39.2381
2023-09-14,39.2674
2023-09-13,39.1906
2023-09-12,39.1979
2023-09-11,39.1247
2023-09-10,39.1467
2023-09-09,39.1467
2023-09-08,39.1467
2023-09-07,39.2856
2023-09-06,39.2527
2023-09-05,39.4977
2023-09-04,39.6221
2023-09-03,39.7391
2023-09-02,39.7391
2023-09-01,39.7391
2023-08-31,39.7903
2023-08-30,39.516
2023-08-29,39.516
2023-08-28,39.5051
2023-08-27,39.655
2023-08-26,39.655
2023-08-25,39.655
2023-08-24,39.5343
2023-08-23,39.8086
2023-08-22,39.889
2023-08-21,39.7245
2023-08-20,39.8415
2023-08-19,39.8415
2023-08-18,39.8415
2023-08-17,39.911
2023-08-16,39.9658
2023-08-15,40.006
2023-08-14,40.2145
2023-08-13,40.284
2023-08-12,40.284
2023-08-11,40.284
2023-08-10,40.1194
2023-08-09,40.0134
2023-08-08,40.1633
2023-08-07,40.0024
2023-08-06,39.9914
2023-08-05,39.9914
2023-08-04,39.9914
2023-08-03,40.145
2023-08-02,40.134
2023-08-01,40.3242
2023-07-31,40.2584
2023-07-30,40.7228
2023-07-29,40.7228
2023-07-28,40.7228
2023-07-27,40.4558
2023-07-26,40.4046
2023-07-25,40.5838
2023-07-24,40.6643
2023-07-23,40.9897
2023-07-22,40.9897
2023-07-21,40.9897
2023-07-20,41.0117
2023-07-19,41.1506
2023-07-18,41.0812
2023-07-17,41.0483
2023-07-16,40.8581
2023-07-15,40.8581
2023-07-14,40.8581
2023-07-13,40.2803
2023-07-12,40.167
2023-07-11,40.0627
2023-07-10,39.8214
2023-07-09,39.8433
2023-07-08,39.8433
2023-07-07,39.8433
2023-07-06,39.7848
2023-07-05,39.8543
2023-07-04,39.8543
2023-07-03,39.6952
2023-07-02,40.0006
2023-07-01,40.0006
2023-06-30,40.0006
2023-06-29,40.0042
2023-06-28,40.0225
2023-06-27,39.9238
2023-06-26,39.7738
2023-06-25,40.1852
2023-06-24,40.1852
2023-06-23,40.1852
2023-06-22,39.9494
2023-06-21,39.964
2023-06-20,39.9384
2023-06-19,40.081
2023-06-18,39.5691
2023-06-17,39.5691
2023-06-16,39.5691
2023-06-15,39.5069
2023-06-14,39.4721
2023-06-13,39.357
2023-06-12,39.4082
2023-06-11,39.2619
2023-06-10,39.2619
2023-06-09,39.2619
2023-06-08,39.1851
2023-06-07,39.0516
2023-06-06,39.0937
2023-06-05,39.346
2023-06-04,39.1522
2023-06-03,39.1522
2023-06-02,39.1522
2023-06-01,39.0553
2023-05-31,39.2802
2023-05-30,39.1759
2023-05-29,39.3167
2023-05-28,39.2436
2023-05-27,39.2436
2023-05-26,39.2436
2023-05-25,39.41
2023-05-24,39.3972
2023-05-23,39.5691
2023-05-22,39.5179
2023-05-21,39.5471
2023-05-20,39.5471
2023-05-19,39.5471
2023-05-18,39.5947
2023-05-17,39.8104
2023-05-16,39.7702
2023-05-15,39.8287
2023-05-14,39.9713
2023-05-13,39.9713
2023-05-12,39.9713
2023-05-11,40.0444
2023-05-10,40.0883
2023-05-09,40.348
2023-05-08,40.2602
2023-05-07,40.4942
2023-05-06,40.4942
2023-05-05,40.4942
2023-05-04,40.3699
2023-05-03,40.1066
2023-05-02,40.2693
2023-05-01,40.1322
2023-04-30,40.3461
2023-04-29,40.3461
2023-04-28,40.3461
2023-04-27,40.3918
2023-04-26,40.2858
2023-04-25,40.2291
2023-04-24,40.1505
2023-04-23,40.0664
2023-04-22,40.0664
2023-04-21,40.0664
2023-04-20,39.9677
2023-04-19,40.1066
2023-04-18,40.1432
2023-04-17,40.4174
2023-04-16,40.2639
2023-04-15,40.2639
2023-04-14,40.2639
2023-04-13,39.9421
2023-04-12,39.8835
2023-04-11,39.825
2023-04-10,39.9146
2023-04-09,39.9146
2023-04-08,39.9146
2023-04-07,39.9146
2023-04-06,40.0152
2023-04-05,39.8653
2023-04-04,39.761
2023-04-03,39.7373
2023-04-02,39.7812
2023-04-01,39.7812
2023-03-31,39.7812
2023-03-30,39.6989
2023-03-29,39.6111
2023-03-28,39.3899
2023-03-27,39.3076
2023-03-26,39.7665
2023-03-25,39.7665
2023-03-24,39.7665
2023-03-23,39.4264
2023-03-22,39.4228
2023-03-21,39.1485
2023-03-20,38.8523
2023-03-19,38.717
2023-03-18,38.717
2023-03-17,38.717
2023-03-16,38.6183
2023-03-15,39.2728
2023-03-14,39.1046
2023-03-13,38.7426
2023-03-12,38.6201
2023-03-11,38.6201
2023-03-10,38.6201
2023-03-09,38.5671
2023-03-08,39.0132
2023-03-07,38.9126
2023-03-06,38.8048
2023-03-05,38.7847
2023-03-04,38.7847
2023-03-03,38.7847
2023-03-02,39.0754
2023-03-01,38.8231
2023-02-28,38.611
2023-02-27,38.6402
2023-02-26,38.8231
2023-02-25,38.8231
2023-02-24,38.8231
2023-02-23,38.9328
2023-02-22,38.984
2023-02-21,39.0242
2023-02-20,38.8377
2023-02-19,39.1046
2023-02-18,39.1046
2023-02-17,39.1046
2023-02-16,39.1229
2023-02-15,39.3405
2023-02-14,39.0973
2023-02-13,39.0644
2023-02-12,39.3826
2023-02-11,39.3826
2023-02-10,39.3826
2023-02-09,39.2564
2023-02-08,39.1485
2023-02-07,39.4045
2023-02-06,39.9859
2023-02-05,40.1724
2023-02-04,40.1724
2023-02-03,40.1724
2023-02-02,39.8323
2023-02-01,39.5947
2023-01-31,39.8762
2023-01-30,39.7482
2023-01-29,39.8433
2023-01-28,39.8433
2023-01-27,39.8433
2023-01-26,39.7629
2023-01-25,39.7226
2023-01-24,39.7519
2023-01-23,39.5581
2023-01-22,39.5215
2023-01-21,39.5215
2023-01-20,39.5215
2023-01-19,39.5873
2023-01-18,39.6897
2023-01-17,39.5581
2023-01-16,39.5361
2023-01-15,39.357
2023-01-14,39.357
2023-01-13,39.357
2023-01-12,39.2728
2023-01-11,39.1961
2023-01-10,39.0827
2023-01-09,38.3733
2023-01-08,38.7773
2023-01-07,38.7773
2023-01-06,38.7773
2023-01-05,38.7901
2023-01-04,38.5378
2023-01-03,39.0041
2023-01-02,39.037
2023-01-01,38.951
2022-12-31,38.951
2022-12-30,38.951
2022-12-29,38.9437
2022-12-28,38.8852
2022-12-27,38.8432
2022-12-26,38.834
2022-12-25,38.8962
2022-12-24,38.8962
2022-12-23,38.8962
2022-12-22,38.8706
2022-12-21,38.8121
2022-12-20,38.7865
2022-12-19,38.8377
2022-12-18,38.8541
2022-12-17,38.8541
2022-12-16,38.8541
2022-12-15,38.9273
2022-12-14,38.578
2022-12-13,38.6
2022-12-12,38.6
2022-12-11,38.4629
2022-12-10,38.4629
2022-12-09,38.4629
2022-12-08,38.5232
2022-12-07,38.4866
2022-12-06,38.7353
2022-12-05,38.5396
2022-12-04,38.205
2022-12-03,38.205
2022-12-02,38.205
2022-12-01,37.9198
2022-11-30,37.9344
2022-11-29,38.302
2022-11-28,37.96
2022-11-27,38.0716
2022-11-26,38.0716
2022-11-25,38.0716
2022-11-24,37.7461
2022-11-23,37.5541
2022-11-22,37.4481
2022-11-21,37.8906
2022-11-20,37.7681
2022-11-19,37.7681
2022-11-18,37.7681
2022-11-17,38.0935
2022-11-16,38.0588
2022-11-15,37.7626
2022-11-14,37.7022
2022-11-13,36.3821
2022-11-12,36.3821
2022-11-11,36.3821
2022-11-10,36.7496
2022-11-09,36.5375
2022-11-08,36.5083
2022-11-07,35.9817
2022-11-06,35.6288
2022-11-05,35.6288
2022-11-04,35.6288
2022-11-03,36.2194
2022-11-02,36.3474
2022-11-01,36.2377
2022-10-31,36.4095
2022-10-30,36.7386
2022-10-29,36.7386
2022-10-28,36.7386
2022-10-27,36.6417
2022-10-26,36.0804
2022-10-25,35.9579
2022-10-24,35.6379
2022-10-23,35.8866
2022-10-22,35.8866
2022-10-21,35.8866
2022-10-20,35.7623
2022-10-19,35.9451
2022-10-18,35.6196
2022-10-17,35.5337
2022-10-16,35.6306
2022-10-15,35.6306
2022-10-14,35.6306
2022-10-13,35.5026
2022-10-12,35.5465
2022-10-11,35.4587
2022-10-10,35.797
2022-10-09,36.0768
2022-10-08,36.0768
2022-10-07,36.0768
2022-10-06,36.2157
2022-10-05,36.1682
2022-10-04,35.7074
2022-10-03,35.6361
2022-10-02,35.5611
2022-10-01,35.5611
2022-09-30,35.5611
2022-09-29,34.9742
2022-09-28,35.2576
2022-09-27,35.2375
2022-09-26,35.6654
2022-09-25,36.0768
2022-09-24,36.0768
2022-09-23,36.0768
2022-09-22,36.2084
2022-09-21,36.5247
2022-09-20,36.5064
2022-09-19,36.4607
2022-09-18,36.5137
2022-09-17,36.5137
2022-09-16,36.5137
2022-09-15,36.543
2022-09-14,37.2159
2022-09-13,37.097
2022-09-12,36.7112
2022-09-11,36.6491
2022-09-10,36.6491
2022-09-09,36.6491
2022-09-08,36.1371
2022-09-07,36.287
2022-09-06,36.2614
2022-09-05,36.5339
2022-09-04,36.5832
2022-09-03,36.5832
2022-09-02,36.5832
2022-09-01,36.5704
2022-08-31,36.6564
2022-08-30,36.554
2022-08-29,36.5467
2022-08-28,36.4808
2022-08-27,36.4808
2022-08-26,36.4808
2022-08-25,36.3053
2022-08-24,36.298
2022-08-23,36.568600000000004
2022-08-22,36.7441
2022-08-21,37.2177
2022-08-20,37.2177
2022-08-19,37.2177
2022-08-18,37.1738
2022-08-17,37.033
2022-08-16,37.2817
2022-08-15,37.5943
2022-08-14,37.7516
2022-08-13,37.7516
2022-08-12,37.7516
2022-08-11,37.5102
2022-08-10,37.3804
2022-08-09,37.2963
2022-08-08,37.417
2022-08-07,37.2104
2022-08-06,37.2104
2022-08-05,37.2104
2022-08-04,37.2488
2022-08-03,37.3804
2022-08-02,37.4133
2022-08-01,37.3365
2022-07-31,36.9965
2022-07-30,36.9965
2022-07-29,36.9965
2022-07-28,37.1244
2022-07-27,37.0568
2022-07-26,37.4115
2022-07-25,37.2177
2022-07-24,37.2689
2022-07-23,37.2689
2022-07-22,37.2689
2022-07-21,29.8064
2022-07-20,29.998
2022-07-19,29.6645
2022-07-18,29.4173
2022-07-17,29.2754
2022-07-16,29.2754
2022-07-15,29.2754
2022-07-14,29.4494
2022-07-13,29.3675
2022-07-12,29.5109
2022-07-11,29.701
2022-07-10,29.8107
2022-07-09,29.8107
2022-07-08,29.8107
2022-07-07,29.8122
2022-07-06,30.1135
2022-07-05,30.5816
2022-07-04,30.526
2022-07-03,30.4017
2022-07-02,30.4017
2022-07-01,30.4017
2022-06-30,30.7776
2022-06-29,30.9151
2022-06-28,30.9122
2022-06-27,30.7674
2022-06-26,30.7337
2022-06-25,30.7337
2022-06-24,30.7337
2022-06-23,30.7542
2022-06-22,30.861
2022-06-21,30.7952
2022-06-20,30.6899
2022-06-19,30.3885
2022-06-18,30.3885
2022-06-17,30.3885
2022-06-16,30.5962
2022-06-15,30.567
2022-06-14,30.5626
2022-06-13,30.9327
2022-06-12,31.3934
2022-06-11,31.3934
2022-06-10,31.3934
2022-06-09,31.411
2022-06-08,31.1901
2022-06-07,31.389
2022-06-06,31.3876
2022-06-05,31.2808
2022-06-04,31.2808
2022-06-03,31.2808
2022-06-02,31.3247
2022-06-01,31.3364
2022-05-31,31.5031
2022-05-30,31.3203
2022-05-29,31.3159
2022-05-28,31.3159
2022-05-27,31.3159
2022-05-26,31.1813
2022-05-25,31.3437
2022-05-24,31.1784
2022-05-23,30.918
2022-05-22,30.7688
2022-05-21,30.7688
2022-05-20,30.7688
2022-05-19,30.7454
2022-05-18,30.842
2022-05-17,30.4792
2022-05-16,30.3768
2022-05-15,30.4178
2022-05-14,30.4178
2022-05-13,30.4178
2022-05-12,30.8537
2022-05-11,30.8727
2022-05-10,30.861
2022-05-09,30.9063
2022-05-08,30.8595
2022-05-07,30.8595
2022-05-06,30.8595
2022-05-05,30.801
2022-05-04,30.8288
2022-05-03,30.7659
2022-05-02,30.8478
2022-05-01,30.6869
2022-04-30,30.6869
2022-04-29,30.6869
2022-04-28,30.9663
2022-04-27,31.2223
2022-04-26,31.4476
2022-04-25,31.6567
2022-04-24,31.8264
2022-04-23,31.8264
2022-04-22,31.8264
2022-04-21,31.6787
2022-04-20,31.5792
2022-04-19,31.6216
2022-04-18,31.8235
2022-04-17,31.7957
2022-04-16,31.7957
2022-04-15,31.7957
2022-04-14,31.6874
2022-04-13,31.7752
2022-04-12,31.8952
2022-04-11,31.7796
2022-04-10,31.9244
2022-04-09,31.9244
2022-04-08,31.9244
2022-04-07,31.9361
2022-04-06,32.0795
2022-04-05,32.176
2022-04-04,32.3281
2022-04-03,32.4773
2022-04-02,32.4773
2022-04-01,32.4773
2022-03-31,32.5856
2022-03-30,32.4217
2022-03-29,32.0707
2022-03-28,32.193600000000004
2022-03-27,32.1233
2022-03-26,32.1233
2022-03-25,32.1233
2022-03-24,32.138
2022-03-23,32.2345
2022-03-22,33.1707
2022-03-21,33.1707
2022-03-20,33.1707
2022-03-19,33.1707
2022-03-18,33.1707
2022-03-17,33.1707
2022-03-16,33.1707
2022-03-15,33.1707
2022-03-14,33.1707
2022-03-13,33.1707
2022-03-12,33.1707
2022-03-11,33.1707
2022-03-10,33.1707
2022-03-09,33.1707
2022-03-08,33.1707
2022-03-07,33.1707
2022-03-06,33.1707
2022-03-05,33.1707
2022-03-04,33.1707
2022-03-03,33.1707
2022-03-02,33.1707
2022-03-01,33.1707
2022-02-28,33.1707
2022-02-27,33.1707
2022-02-26,33.1707
2022-02-25,33.1707
2022-02-24,33.1707
2022-02-23,32.9039
2022-02-22,32.2887
2022-02-21,32.196
2022-02-20,32.1969
2022-02-19,32.1969
2022-02-18,32.1969
2022-02-17,31.932
2022-02-16,32.0283
2022-02-15,32.3264
2022-02-14,31.9777
2022-02-13,31.8785
2022-02-12,31.8785
2022-02-11,31.8785
2022-02-10,31.996
2022-02-09,31.9255
2022-02-08,32.0724
2022-02-07,32.2745
2022-02-06,31.9198
2022-02-05,31.9198
2022-02-04,31.9198
2022-02-03,32.1419
2022-02-02,31.8875
2022-02-01,31.7464
2022-01-31,32.0293
2022-01-30,32.3432
2022-01-29,32.3432
2022-01-28,32.3432
2022-01-27,32.4803
2022-01-26,32.3021
2022-01-25,32.0594
2022-01-24,32.1099
2022-01-23,32.1147
2022-01-22,32.1147
2022-01-21,32.1147
2022-01-20,32.1943
2022-01-19,32.3406
2022-01-18,32.0577
2022-01-17,31.989
2022-01-16,31.7813
2022-01-15,31.7813
2022-01-14,31.7813
2022-01-13,31.4796
2022-01-12,31.1722
2022-01-11,31.116
2022-01-10,31.1095
2022-01-09,31.0421
2022-01-08,31.0421
2022-01-07,31.0421
2022-01-06,31.0421
2022-01-05,30.7739
2022-01-04,30.9226
2022-01-03,30.9226
2022-01-02,30.9226
2022-01-01,30.9226
2021-12-31,30.9226
2021-12-30,30.776
2021-12-29,30.8401
2021-12-28,30.8196
2021-12-27,30.845
2021-12-26,30.845
2021-12-25,30.845
2021-12-24,30.845
2021-12-23,30.8084
2021-12-22,30.7859
2021-12-21,30.7661
2021-12-20,30.8573
2021-12-19,30.8435
2021-12-18,30.8435
2021-12-17,30.8435
2021-12-16,30.6186
2021-12-15,30.534
2021-12-14,30.3272
2021-12-13,30.4521
2021-12-12,30.6773
2021-12-11,30.6773
2021-12-10,30.6773
2021-12-09,30.7698
2021-12-08,30.7277
2021-12-07,30.9055
2021-12-06,30.8277
2021-12-05,30.9438
2021-12-04,30.9438
2021-12-03,30.9438
2021-12-02,30.8443
2021-12-01,30.9221
2021-11-30,30.6481
2021-11-29,30.5752
2021-11-28,30.3376
2021-11-27,30.3376
2021-11-26,30.3376
2021-11-25,30.1734
2021-11-24,30.2354
2021-11-23,30.0591
2021-11-22,29.9796
2021-11-21,29.9688
2021-11-20,29.9688
2021-11-19,29.9688
2021-11-18,29.9974
2021-11-17,30.0266
2021-11-16,30.1468
2021-11-15,29.9007
2021-11-14,29.9144
2021-11-13,29.9144
2021-11-12,29.9144
2021-11-11,30.1186
2021-11-10,30.2075
2021-11-09,30.2026
2021-11-08,30.0969
2021-11-07,30.2848
2021-11-06,30.2848
2021-11-05,30.2848
2021-11-04,30.3646
2021-11-03,30.4903
2021-11-02,30.4358
2021-11-01,30.5953
2021-10-31,30.5032
2021-10-30,30.5032
2021-10-29,30.5032
2021-10-28,30.6447
2021-10-27,30.6791
2021-10-26,30.5749
2021-10-25,30.5774
2021-10-24,30.5774
2021-10-23,30.5774
2021-10-22,30.4934
2021-10-21,30.4836
2021-10-20,30.6056
2021-10-19,30.5611
2021-10-18,30.446
2021-10-17,30.4265
2021-10-16,30.4265
2021-10-15,30.4265
2021-10-14,30.4265
2021-10-13,30.4265
2021-10-12,30.5012
2021-10-11,30.4768
2021-10-10,30.4378
2021-10-09,30.4378
2021-10-08,30.4378
2021-10-07,30.4135
2021-10-06,30.6536
2021-10-05,30.9261
2021-10-04,30.8716
2021-10-03,30.8231
2021-10-02,30.8231
2021-10-01,30.8231
2021-09-30,30.981
2021-09-29,31.0335
2021-09-28,31.1764
2021-09-27,31.2153
2021-09-26,31.0846
2021-09-25,31.0846
2021-09-24,31.0846
2021-09-23,31.2856
2021-09-22,31.3566
2021-09-21,31.2701
2021-09-20,31.4626
2021-09-19,31.37
2021-09-18,31.37
2021-09-17,31.37
2021-09-16,31.517
2021-09-15,31.4627
2021-09-14,31.4472
2021-09-13,31.5843
2021-09-12,31.624
2021-09-11,31.624
2021-09-10,31.624
2021-09-09,31.6315
2021-09-08,31.7091
2021-09-07,31.8063
2021-09-06,31.9684
2021-09-05,32.0067
2021-09-04,32.0067
2021-09-03,32.0067
2021-09-02,31.9323
2021-09-01,31.8317
2021-08-31,31.6963
2021-08-30,31.6645
2021-08-29,31.6645
2021-08-28,31.6645
2021-08-27,31.5121
2021-08-26,31.3438
2021-08-25,31.1287
2021-08-24,31.169
2021-08-23,31.169
2021-08-22,31.169
2021-08-21,31.169
2021-08-20,31.169
2021-08-19,31.2379
2021-08-18,31.382
2021-08-17,31.3633
2021-08-16,31.3978
2021-08-15,31.421
2021-08-14,31.421
2021-08-13,31.421
2021-08-12,31.4105
2021-08-11,31.3617
2021-08-10,31.5302
2021-08-09,31.6756
2021-08-08,31.8964
2021-08-07,31.8964
2021-08-06,31.8964
2021-08-05,31.9482
2021-08-04,31.8913
2021-08-03,31.9032
2021-08-02,31.8946
2021-08-01,31.9239
2021-07-31,31.9239
2021-07-30,31.9239
2021-07-29,31.7021
2021-07-28,31.7814
2021-07-27,31.8087
2021-07-26,31.845
2021-07-25,32.0343
2021-07-24,32.0343
2021-07-23,32.0343
2021-07-22,32.0607
2021-07-21,32.0344
2021-07-20,32.0313
2021-07-19,32.141
2021-07-18,32.2369
2021-07-17,32.2369
2021-07-16,32.2369
2021-07-15,32.2482
2021-07-14,32.372
2021-07-13,32.3459
2021-07-12,32.4056
2021-07-11,32.3191
2021-07-10,32.3191
2021-07-09,32.3191
2021-07-08,32.291
2021-07-07,32.2623
2021-07-06,32.3732
2021-07-05,32.4107
2021-07-04,32.5227
2021-07-03,32.5227
2021-07-02,32.5227
2021-07-01,32.3463
2021-06-30,32.3018
2021-06-29,32.7401
2021-06-28,32.7928
2021-06-27,32.7928
2021-06-26,32.7928
2021-06-25,32.7928
2021-06-24,32.6003
2021-06-23,32.467
2021-06-22,32.2882
2021-06-21,32.4424
2021-06-20,32.4424
2021-06-19,32.4424
2021-06-18,32.4424
2021-06-17,32.7722
2021-06-16,32.6166
2021-06-15,32.7053
2021-06-14,32.7905
2021-06-13,32.989
2021-06-12,32.989
2021-06-11,32.989
2021-06-10,33.0248
2021-06-09,33.1104
2021-06-08,33.0781
2021-06-07,33.0635
2021-06-06,33.2577
2021-06-05,33.2577
2021-06-04,33.2577
2021-06-03,33.3348
2021-06-02,33.5335
2021-06-01,33.5116
2021-05-31,33.3896
2021-05-30,33.5693
2021-05-29,33.5693
2021-05-28,33.5693
2021-05-27,33.6765
2021-05-26,33.6643
2021-05-25,33.4911
2021-05-24,33.4799
2021-05-23,33.5174
2021-05-22,33.5174
2021-05-21,33.5174
2021-05-20,33.488
2021-05-19,33.5319
2021-05-18,33.4449
2021-05-17,33.4781
2021-05-16,33.3738
2021-05-15,33.3738
2021-05-14,33.3738
2021-05-13,33.4953
2021-05-12,33.6728
2021-05-11,33.4904
2021-05-10,33.4129
2021-05-09,33.4129
2021-05-08,33.4129
2021-05-07,33.4129
2021-05-06,33.2751
2021-05-05,33.5112
2021-05-04,33.6427
2021-05-03,33.6427
2021-05-02,33.6427
2021-05-01,33.6427
2021-04-30,33.6427
2021-04-29,33.526
2021-04-28,33.5577
2021-04-27,33.6512
2021-04-26,33.6714
2021-04-25,33.8103
2021-04-24,33.8103
2021-04-23,33.8103
2021-04-22,33.6986
2021-04-21,33.7362
2021-04-20,33.7099
2021-04-19,33.525
2021-04-18,33.4616
2021-04-17,33.4616
2021-04-16,33.4616
2021-04-15,33.4753
2021-04-14,33.3218
2021-04-13,33.2758
2021-04-12,33.1522
2021-04-11,33.2266
2021-04-10,33.2266
2021-04-09,33.2266
2021-04-08,33.1388
2021-04-07,32.898
2021-04-06,32.8632
2021-04-05,32.8365
2021-04-04,32.7003
2021-04-03,32.7003
2021-04-02,32.7003
2021-04-01,32.629
2021-03-31,32.7233
2021-03-30,32.9661
2021-03-29,32.9532
2021-03-28,33.0337
2021-03-27,33.0337
2021-03-26,33.0337
2021-03-25,32.9389
2021-03-24,32.9329
2021-03-23,33.0072
2021-03-22,32.9502
2021-03-21,32.9785
2021-03-20,32.9785
2021-03-19,32.9785
2021-03-18,32.9853
2021-03-17,32.9632
2021-03-16,32.9523
2021-03-15,33.0839
2021-03-14,33.1748
2021-03-13,33.1748
2021-03-12,33.1748
2021-03-11,32.9317
2021-03-10,32.9741
2021-03-09,33.075
2021-03-08,33.4062
2021-03-07,33.4062
2021-03-06,33.4062
2021-03-05,33.4062
2021-03-04,33.5565
2021-03-03,33.6006
2021-03-02,33.717
2021-03-01,33.8449
2021-02-28,34.1459
2021-02-27,34.1459
2021-02-26,34.1459
2021-02-25,33.9289
2021-02-24,33.883
2021-02-23,33.8866
2021-02-22,33.7768
2021-02-21,33.6478
2021-02-20,33.6478
2021-02-19,33.6478
2021-02-18,33.6422
2021-02-17,33.7708
2021-02-16,33.9297
2021-02-15,33.6801
2021-02-14,33.8111
2021-02-13,33.8111
2021-02-12,33.8111
2021-02-11,33.6655
2021-02-10,33.4406
2021-02-09,33.2604
2021-02-08,33.2823
2021-02-07,33.4509
2021-02-06,33.4509
2021-02-05,33.4509
2021-02-04,33.6374
2021-02-03,33.7913
2021-02-02,33.9039
2021-02-01,34.157
2021-01-31,34.1035
2021-01-30,34.1035
2021-01-29,34.1035
2021-01-28,34.1207
2021-01-27,34.1897
2021-01-26,34.2265
2021-01-25,34.2526
2021-01-24,34.3651
2021-01-23,34.3651
2021-01-22,34.3651
2021-01-21,34.1488
2021-01-20,34.1555
2021-01-19,34.0158
2021-01-18,34.0121
2021-01-17,34.0121
2021-01-16,34.0121
2021-01-15,33.9888
2021-01-14,34.0373
2021-01-13,34.0787
2021-01-12,34.2817
2021-01-11,34.909
2021-01-10,34.846
2021-01-09,34.846
2021-01-08,34.846
2021-01-07,34.846
2021-01-06,34.846
2021-01-05,34.9389
2021-01-04,34.7396
2021-01-03,34.7396
2021-01-02,34.7396
2021-01-01,34.7396
2020-12-31,34.7396
2020-12-30,34.6375
2020-12-29,34.6458
2020-12-28,34.5601
2020-12-27,34.6156
2020-12-26,34.6156
2020-12-25,34.6156
2020-12-24,34.6156
2020-12-23,34.5669
2020-12-22,34.1811
2020-12-21,34.1018
2020-12-20,34.0789
2020-12-19,34.0789
2020-12-18,34.0789
2020-12-17,33.8021
2020-12-16,33.6897
2020-12-15,33.888
2020-12-14,33.8941
2020-12-13,33.9946
2020-12-12,33.9946
2020-12-11,33.9946
2020-12-10,33.9558
2020-12-09,34.0546
2020-12-08,34.2586
2020-12-07,34.3895
2020-12-06,34.4047
2020-12-05,34.4047
2020-12-04,34.4047
2020-12-03,34.316
2020-12-02,34.2157
2020-12-01,34.1456
2020-11-30,33.9596
2020-11-29,33.8455
2020-11-28,33.8455
2020-11-27,33.8455
2020-11-26,33.784
2020-11-25,33.6801
2020-11-24,33.7553
2020-11-23,33.6266
2020-11-22,33.4353
2020-11-21,33.4353
2020-11-20,33.4353
2020-11-19,33.3608
2020-11-18,33.3964
2020-11-17,33.241
2020-11-16,33.2118
2020-11-15,33.266
2020-11-14,33.266
2020-11-13,33.266
2020-11-12,33.1441
2020-11-11,33.2006
2020-11-10,33.3938
2020-11-09,33.4245
2020-11-08,33.5819
2020-11-07,33.5819
2020-11-06,33.5819
2020-11-05,33.4249
2020-11-04,33.4806
2020-11-03,33.2917
2020-11-02,33.2475
2020-11-01,33.2984
2020-10-31,33.2984
2020-10-30,33.2984
2020-10-29,33.3133
2020-10-28,33.5578
2020-10-27,33.4908
2020-10-26,33.549
2020-10-25,33.4106
2020-10-24,33.4106
2020-10-23,33.4106
2020-10-22,33.5312
2020-10-21,33.5044
2020-10-20,33.4343
2020-10-19,33.3018
2020-10-18,33.1764
2020-10-17,33.1764
2020-10-16,33.1764
2020-10-15,33.3935
2020-10-14,33.3398
2020-10-13,33.3398
2020-10-12,33.2791
2020-10-11,33.2799
2020-10-10,33.2799
2020-10-09,33.2799
2020-10-08,33.3303
2020-10-07,33.4822
2020-10-06,33.4037
2020-10-05,33.2324
2020-10-04,33.3282
2020-10-03,33.3282
2020-10-02,33.3282
2020-10-01,33.1643
2020-09-30,33.1309
2020-09-29,33.0376
2020-09-28,32.8763
2020-09-27,32.8942
2020-09-26,32.8942
2020-09-25,32.8942
2020-09-24,32.9609
2020-09-23,33.1151
2020-09-22,33.1996
2020-09-21,33.3456
2020-09-20,33.1744
2020-09-19,33.1744
2020-09-18,33.1744
2020-09-17,33.3877
2020-09-16,33.3441
2020-09-15,33.2476
2020-09-14,33.0674
2020-09-13,32.9687
2020-09-12,32.9687
2020-09-11,32.9687
2020-09-10,32.768
2020-09-09,32.798
2020-09-08,32.8099
2020-09-07,32.8589
2020-09-06,32.7319
2020-09-05,32.7319
2020-09-04,32.7319
2020-09-03,32.7996
2020-09-02,33.0721
2020-09-01,32.895
2020-08-31,32.7334
2020-08-30,32.4279
2020-08-29,32.4279
2020-08-28,32.4279
2020-08-27,32.2812
2020-08-26,32.4087
2020-08-25,32.2416
2020-08-24,32.5529
2020-08-23,32.5529
2020-08-22,32.5529
2020-08-21,32.5529
2020-08-20,32.6044
2020-08-19,32.4973
2020-08-18,32.3741
2020-08-17,32.3082
2020-08-16,32.4185
2020-08-15,32.4185
2020-08-14,32.4185
2020-08-13,32.3961
2020-08-12,32.5562
2020-08-11,32.4653
2020-08-10,32.6848
2020-08-09,32.7972
2020-08-08,32.7972
2020-08-07,32.7972
2020-08-06,32.9012
2020-08-05,32.7234
2020-08-04,32.5169
2020-08-03,32.7812
2020-08-02,32.547
2020-08-01,32.547
2020-07-31,32.547
2020-07-30,32.4696
2020-07-29,32.4539
2020-07-28,32.6049
2020-07-27,32.2246
2020-07-26,32.2366
2020-07-25,32.2366
2020-07-24,32.2366
2020-07-23,32.1898
2020-07-22,31.6719
2020-07-21,31.5908
2020-07-20,31.2554
2020-07-19,31.129
2020-07-18,31.129
2020-07-17,31.129
2020-07-16,31.0309
2020-07-15,30.8745
2020-07-14,30.687
2020-07-13,30.3988
2020-07-12,30.5359
2020-07-11,30.5359
2020-07-10,30.5359
2020-07-09,30.4295
2020-07-08,30.409
2020-07-07,30.7226
2020-07-06,30.5069
2020-07-05,30.6592
2020-07-04,30.6592
2020-07-03,30.6592
2020-07-02,29.9971
2020-07-01,29.8677
2020-06-30,29.95
2020-06-29,29.9122
2020-06-28,29.9122
2020-06-27,29.9122
2020-06-26,29.9122
2020-06-25,30.0675
2020-06-24,30.1227
2020-06-23,29.8952
2020-06-22,29.9953
2020-06-21,30.0579
2020-06-20,30.0579
2020-06-19,30.0579
2020-06-18,30.0681
2020-06-17,30.239
2020-06-16,30.2062
2020-06-15,30.2119
2020-06-14,30.1723
2020-06-13,30.1723
2020-06-12,30.1723
2020-06-11,30.2859
2020-06-10,30.0872
2020-06-09,30.1477
2020-06-08,29.9975
2020-06-07,29.9975
2020-06-06,29.9975
2020-06-05,29.9975
2020-06-04,29.9609
2020-06-03,29.9185
2020-06-02,29.8043
2020-06-01,29.9275
2020-05-31,29.6234
2020-05-30,29.6234
2020-05-29,29.6234
2020-05-28,29.7151
2020-05-27,29.5084
2020-05-26,29.3157
2020-05-25,29.1676
2020-05-24,29.4616
2020-05-23,29.4616
2020-05-22,29.4616
2020-05-21,29.1403
2020-05-20,29.0217
2020-05-19,28.791
2020-05-18,28.7677
2020-05-17,28.7869
2020-05-16,28.7869
2020-05-15,28.7869
2020-05-14,29.0291
2020-05-13,29.0843
2020-05-12,29.0966
2020-05-11,28.9117
2020-05-10,28.9117
2020-05-09,28.9117
2020-05-08,28.9117
2020-05-07,29.1017
2020-05-06,29.2691
2020-05-05,29.5078
2020-05-04,29.2939
2020-05-03,29.2424
2020-05-02,29.2424
2020-05-01,29.2424
2020-04-30,29.2424
2020-04-29,29.4274
2020-04-28,29.4184
2020-04-27,29.3306
2020-04-26,29.1383
2020-04-25,29.1383
2020-04-24,29.1383
2020-04-23,29.4181
2020-04-22,29.3577
2020-04-21,29.4277
2020-04-20,29.6341
2020-04-19,29.6341
2020-04-18,29.6341
2020-04-17,29.6341
2020-04-16,29.6351
2020-04-15,29.7081
2020-04-14,29.5376
2020-04-13,29.5606
2020-04-12,29.6382
2020-04-11,29.6382
2020-04-10,29.6382
2020-04-09,29.5762
2020-04-08,29.567
2020-04-07,29.3827
2020-04-06,29.5601
2020-04-05,30.0812
2020-04-04,30.0812
2020-04-03,30.0812
2020-04-02,30.3238
2020-04-01,30.2564
2020-03-31,30.9617
2020-03-30,30.9027
2020-03-29,30.8633
2020-03-28,30.8633
2020-03-27,30.8633
2020-03-26,30.2671
2020-03-25,30.1057
2020-03-24,30.2463
2020-03-23,29.6359
2020-03-22,30.0934
2020-03-21,30.0934
2020-03-20,30.0934
2020-03-19,29.7936
2020-03-18,29.7271
2020-03-17,29.5249
2020-03-16,28.9901
2020-03-15,29.054
2020-03-14,29.054
2020-03-13,29.054
2020-03-12,29.0499
2020-03-11,28.7916
2020-03-10,28.2336
2020-03-09,27.6942
2020-03-08,27.6942
2020-03-07,27.6942
2020-03-06,27.6942
2020-03-05,27.7047
2020-03-04,27.6856
2020-03-03,27.6075
2020-03-02,26.9789
2020-03-01,26.9299
2020-02-29,26.9299
2020-02-28,26.9299
2020-02-27,26.8021
2020-02-26,26.6035
2020-02-25,26.5109
2020-02-24,26.4129
2020-02-23,26.4249
2020-02-22,26.4249
2020-02-21,26.4249
2020-02-20,26.4862
2020-02-19,26.4291
2020-02-18,26.4954
2020-02-17,26.4944
2020-02-16,26.5872
2020-02-15,26.5872
2020-02-14,26.5872
2020-02-13,26.7246
2020-02-12,26.6205
2020-02-11,26.8518
2020-02-10,26.9048
2020-02-09,27.0435
2020-02-08,27.0435
2020-02-07,27.0435
2020-02-06,27.3152
2020-02-05,27.4556
2020-02-04,27.7512
2020-02-03,27.6587
2020-02-02,27.4751
2020-02-01,27.4751
2020-01-31,27.4751
2020-01-30,27.3253
2020-01-29,27.2085
2020-01-28,27.121
2020-01-27,26.8495
2020-01-26,27.1989
2020-01-25,27.1989
2020-01-24,27.1989
2020-01-23,26.9843
2020-01-22,26.9695
2020-01-21,26.9565
2020-01-20,26.9363
2020-01-19,26.9003
2020-01-18,26.9003
2020-01-17,26.9003
2020-01-16,26.7269
2020-01-15,26.6889
2020-01-14,26.6205
2020-01-13,26.5874
2020-01-12,26.5874
2020-01-11,26.5874
2020-01-10,26.7998
2020-01-09,26.4909
2020-01-08,26.3932
2020-01-07,26.422
2020-01-06,26.422
2020-01-05,26.422
2020-01-04,26.422
2020-01-03,26.422
2020-01-02,26.422
2020-01-01,26.422
2019-12-31,26.422
2019-12-30,26.422
2019-12-29,26.422
2019-12-28,26.422
2019-12-27,25.808517000000002
2019-12-26,25.766712000000002
2019-12-25,25.777911
2019-12-24,25.777911
2019-12-23,25.846272
2019-12-22,25.884068000000003
2019-12-21,25.884068000000003
2019-12-20,25.984934
2019-12-19,26.023645000000002
2019-12-18,26.196244999999998
2019-12-17,26.182373
2019-12-16,26.256660999999998
2019-12-15,26.242420000000003
2019-12-14,26.242420000000003
2019-12-13,26.242420000000003
2019-12-12,26.140927
2019-12-11,26.24053
2019-12-10,26.235025999999998
2019-12-09,26.320281
2019-12-08,26.489182
2019-12-07,26.489182
2019-12-06,26.489182
2019-12-05,26.517145
2019-12-04,26.503106
2019-12-03,26.408191000000002
2019-12-02,26.326354000000002
2019-12-01,26.45115
2019-11-30,26.45115
2019-11-29,26.45115
2019-11-28,26.404416
2019-11-27,26.428938
2019-11-26,26.478424
2019-11-25,26.720841
2019-11-24,26.83322
2019-11-23,26.83322
2019-11-22,26.83322
2019-11-21,26.744647
2019-11-20,26.810691000000002
2019-11-19,26.698133
2019-11-18,26.724494
2019-11-17,26.662225
2019-11-16,26.662225
2019-11-15,26.662225
2019-11-14,26.761736
2019-11-13,26.944778
2019-11-12,27.062615
2019-11-11,27.035382
2019-11-10,27.156169
2019-11-09,27.156169
2019-11-08,27.156169
2019-11-07,27.345292
2019-11-06,27.460856
2019-11-05,27.669632
2019-11-04,27.555819
2019-11-03,27.683211999999997
2019-11-02,27.683211999999997
2019-11-01,27.683211999999997
2019-10-31,27.759915
2019-10-30,27.863767
2019-10-29,27.791943
2019-10-28,27.960891
2019-10-27,27.946984
2019-10-26,27.946984
2019-10-25,27.946984
2019-10-24,27.687959999999997
2019-10-23,27.652071999999997
2019-10-22,27.904742000000002
2019-10-21,27.899083
2019-10-20,27.486729999999998
2019-10-19,27.486729999999998
2019-10-18,27.486729999999998
2019-10-17,27.380857000000002
2019-10-16,27.281685000000003
2019-10-15,27.097354999999997
2019-10-14,27.057218
2019-10-13,27.057218
2019-10-12,27.057218
2019-10-11,27.057218
2019-10-10,27.124169000000002
2019-10-09,27.143133
2019-10-08,27.336918
2019-10-07,27.021318
2019-10-06,27.242936
2019-10-05,27.242936
2019-10-04,27.242936
2019-10-03,27.159298
2019-10-02,26.760368
2019-10-01,26.348629000000003
2019-09-30,26.334552
2019-09-29,26.455692
2019-09-28,26.455692
2019-09-27,26.455692
2019-09-26,26.488802999999997
2019-09-25,26.637703000000002
2019-09-24,26.723424
2019-09-23,26.949178000000003
2019-09-22,27.244253
2019-09-21,27.244253
2019-09-20,27.244253
2019-09-19,27.267588999999997
2019-09-18,27.30536
2019-09-17,27.325378999999998
2019-09-16,27.418972
2019-09-15,27.222426999999996
2019-09-14,27.222426999999996
2019-09-13,27.222426999999996
2019-09-12,27.473188
2019-09-11,27.470036
2019-09-10,27.611811
2019-09-09,27.662370999999997
2019-09-08,27.988505
2019-09-07,27.988505
2019-09-06,27.988505
2019-09-05,27.835277
2019-09-04,27.667181
2019-09-03,27.708977
2019-09-02,27.749041000000002
2019-09-01,27.937201
2019-08-31,27.937201
2019-08-30,27.937201
2019-08-29,27.953383
2019-08-28,27.943137999999998
2019-08-27,27.732087999999997
2019-08-26,27.754821000000003
2019-08-25,27.754821000000003
2019-08-24,27.754821000000003
2019-08-23,27.754821000000003
2019-08-22,27.986995999999998
2019-08-21,27.835428
2019-08-20,27.952561999999997
2019-08-19,27.848218000000003
2019-08-18,28.233641
2019-08-17,28.233641
2019-08-16,28.233641
2019-08-15,28.248936
2019-08-14,28.219020999999998
2019-08-13,28.16241
2019-08-12,28.096691999999997
2019-08-11,28.336827
2019-08-10,28.336827
2019-08-09,28.336827
2019-08-08,28.480355
2019-08-07,28.6279
2019-08-06,28.776927
2019-08-05,28.362181999999997
2019-08-04,27.978706000000003
2019-08-03,27.978706000000003
2019-08-02,27.978706000000003
2019-08-01,27.900644000000003
2019-07-31,27.980385000000002
2019-07-30,28.078346
2019-07-29,28.334769
2019-07-28,28.329175
2019-07-27,28.329175
2019-07-26,28.329175
2019-07-25,28.425158
2019-07-24,28.636452
2019-07-23,28.75875
2019-07-22,28.980306
2019-07-21,29.195303
2019-07-20,29.195303
2019-07-19,29.195303
2019-07-18,29.004331
2019-07-17,29.027327
2019-07-16,29.007443
2019-07-15,28.988384999999997
2019-07-14,29.117372999999997
2019-07-13,29.117372999999997
2019-07-12,29.117372999999997
2019-07-11,28.835932
2019-07-10,28.560623999999997
2019-07-09,28.712824
2019-07-08,28.950992
2019-07-07,29.202999
2019-07-06,29.202999
2019-07-05,29.202999
2019-07-04,29.412439
2019-07-03,29.584925
2019-07-02,29.741749
2019-07-01,29.764317000000002
2019-06-30,29.730243
2019-06-29,29.730243
2019-06-28,29.730243
2019-06-27,29.730243
2019-06-26,29.826337
2019-06-25,29.842253999999997
2019-06-24,29.723076000000002
2019-06-23,29.823203
2019-06-22,29.823203
2019-06-21,29.823203
2019-06-20,29.512801
2019-06-19,29.520733
2019-06-18,29.764321
2019-06-17,29.822242000000003
2019-06-16,29.822242000000003
2019-06-15,29.822242000000003
2019-06-14,29.822242000000003
2019-06-13,29.894863
2019-06-12,29.770411
2019-06-11,29.806412
2019-06-10,29.981356
2019-06-09,30.187352999999998
2019-06-08,30.187352999999998
2019-06-07,30.187352999999998
2019-06-06,30.315210999999998
2019-06-05,30.591477
2019-06-04,30.148982
2019-06-03,29.94567
2019-06-02,29.919922999999997
2019-06-01,29.919922999999997
2019-05-31,29.919922999999997
2019-05-30,29.767974
2019-05-29,29.553782000000002
2019-05-28,29.479499
2019-05-27,29.617336
2019-05-26,29.335362
2019-05-25,29.335362
2019-05-24,29.335362
2019-05-23,29.384978
2019-05-22,29.144106999999998
2019-05-21,29.260773
2019-05-20,29.458555
2019-05-19,29.511965
2019-05-18,29.511965
2019-05-17,29.511965
2019-05-16,29.494081
2019-05-15,29.370443
2019-05-14,29.364310999999997
2019-05-13,29.429211
2019-05-12,29.429211
2019-05-11,29.429211
2019-05-10,29.404746
2019-05-09,29.461312
2019-05-08,29.461312
2019-05-07,29.672781
2019-05-06,29.538954
2019-05-05,29.77598
2019-05-04,29.77598
2019-05-03,29.77598
2019-05-02,29.494364
2019-05-01,29.608679000000002
2019-04-30,29.608679000000002
2019-04-29,29.608679000000002
2019-04-28,29.608679000000002
2019-04-27,29.608679000000002
2019-04-26,29.608679000000002
2019-04-25,29.809441000000003
2019-04-24,30.010665
2019-04-23,30.122292
2019-04-22,30.210716
2019-04-21,30.192362
2019-04-20,30.192362
2019-04-19,30.192362
2019-04-18,30.159629
2019-04-17,30.209533999999998
2019-04-16,30.330384
2019-04-15,30.242774
2019-04-14,30.222910000000002
2019-04-13,30.222910000000002
2019-04-12,30.222910000000002
2019-04-11,30.188501000000002
2019-04-10,30.105189999999997
2019-04-09,29.963998
2019-04-08,30.069287
2019-04-07,30.316019
2019-04-06,30.316019
2019-04-05,30.316019
2019-04-04,30.447304
2019-04-03,30.211057
2019-04-02,30.551658000000003
2019-04-01,30.569427
2019-03-31,30.567665
2019-03-30,30.567665
2019-03-29,30.567665
2019-03-28,30.496778
2019-03-27,30.463368999999997
2019-03-26,30.451947
2019-03-25,30.471248999999997
2019-03-24,31.036761000000002
2019-03-23,31.036761000000002
2019-03-22,31.036761000000002
2019-03-21,30.846410000000002
2019-03-20,30.849270999999998
2019-03-19,30.791981999999997
2019-03-18,30.548391000000002
2019-03-17,30.176273000000002
2019-03-16,30.176273000000002
2019-03-15,30.176273000000002
2019-03-14,30.182323
2019-03-13,29.720396
2019-03-12,29.585162
2019-03-11,29.743229999999997
2019-03-10,29.936931
2019-03-09,29.936931
2019-03-08,29.936931
2019-03-07,29.936931
2019-03-06,30.319096
2019-03-05,30.413864
2019-03-04,30.577292000000003
2019-03-03,30.662423
2019-03-02,30.662423
2019-03-01,30.662423
2019-02-28,30.733961
2019-02-27,30.654964
2019-02-26,30.647890000000004
2019-02-25,30.597106
2019-02-24,30.658786
2019-02-23,30.658786
2019-02-22,30.658786
2019-02-21,30.722714
2019-02-20,30.68947
2019-02-19,30.796203000000002
2019-02-18,30.681129000000002
2019-02-17,30.603844
2019-02-16,30.603844
2019-02-15,30.603844
2019-02-14,30.628400000000003
2019-02-13,30.507665000000003
2019-02-12,30.599571
2019-02-11,30.520732
2019-02-10,30.585383
2019-02-09,30.585383
2019-02-08,30.585383
2019-02-07,30.722882
2019-02-06,31.08867
2019-02-05,31.386415000000003
2019-02-04,31.626355
2019-02-03,31.868814999999998
2019-02-02,31.868814999999998
2019-02-01,31.868814999999998
2019-01-31,31.721790000000002
2019-01-30,31.721252
2019-01-29,31.730733
2019-01-28,31.561491999999998
2019-01-27,31.512701000000003
2019-01-26,31.512701000000003
2019-01-25,31.512701000000003
2019-01-24,31.490810999999997
2019-01-23,31.672934
2019-01-22,31.755196
2019-01-21,31.903745
2019-01-20,31.947100999999996
2019-01-19,31.947100999999996
2019-01-18,31.947100999999996
2019-01-17,31.898883
2019-01-16,32.177763
2019-01-15,32.134747000000004
2019-01-14,32.469826
2019-01-13,32.609616
2019-01-12,32.609616
2019-01-11,32.609616
2019-01-10,32.213903
2019-01-09,32.059157
2019-01-08,31.597029000000003
2019-01-07,31.220257
2019-01-06,31.220257
2019-01-05,31.220257
2019-01-04,31.220257
2019-01-03,31.714138
2019-01-02,31.714138
2019-01-01,31.714138
2018-12-31,31.714138
2018-12-30,31.714138
2018-12-29,31.714138
2018-12-28,31.235529999999997
2018-12-27,31.107093
2018-12-26,31.313092
2018-12-25,31.313092
2018-12-24,31.313092
2018-12-23,31.313092
2018-12-22,31.313092
2018-12-21,31.578278
2018-12-20,31.611245
2018-12-19,31.682605
2018-12-18,31.625605999999998
2018-12-17,31.414193
2018-12-16,31.687573
2018-12-15,31.687573
2018-12-14,31.687573
2018-12-13,31.551109999999998
2018-12-12,31.534810000000004
2018-12-11,31.735021000000003
2018-12-10,31.63895
2018-12-09,31.646099
2018-12-08,31.646099
2018-12-07,31.646099
2018-12-06,31.763560000000002
2018-12-05,32.088869
2018-12-04,31.925347000000002
2018-12-03,32.058238
2018-12-02,32.328753999999996
2018-12-01,32.328753999999996
2018-11-30,32.328753999999996
2018-11-29,31.898795
2018-11-28,31.837722
2018-11-27,31.701005
2018-11-26,31.553824
2018-11-25,31.638578000000003
2018-11-24,31.638578000000003
2018-11-23,31.638578000000003
2018-11-22,31.688381
2018-11-21,31.709122
2018-11-20,31.726869999999998
2018-11-19,31.490789
2018-11-18,31.398796
2018-11-17,31.398796
2018-11-16,31.398796
2018-11-15,31.447393
2018-11-14,31.438642
2018-11-13,31.433560000000003
2018-11-12,31.645856
2018-11-11,31.903501000000002
2018-11-10,31.903501000000002
2018-11-09,31.903501000000002
2018-11-08,32.045236
2018-11-07,31.947934
2018-11-06,31.853411
2018-11-05,32.119244
2018-11-04,32.080253
2018-11-03,32.080253
2018-11-02,32.080253
2018-11-01,31.824894
2018-10-31,32.028598
2018-10-30,32.097295
2018-10-29,32.067759
2018-10-28,32.3479
2018-10-27,32.3479
2018-10-26,32.3479
2018-10-25,32.131896000000005
2018-10-24,32.309884000000004
2018-10-23,32.275618
2018-10-22,32.324755
2018-10-21,32.256161999999996
2018-10-20,32.256161999999996
2018-10-19,32.256161999999996
2018-10-18,32.188179
2018-10-17,32.362514000000004
2018-10-16,32.324059000000005
2018-10-15,32.392081
2018-10-14,32.392081
2018-10-13,32.392081
2018-10-12,32.392081
2018-10-11,32.203332
2018-10-10,32.111127
2018-10-09,32.239315000000005
2018-10-08,32.314389
2018-10-07,32.406948
2018-10-06,32.406948
2018-10-05,32.406948
2018-10-04,32.704
2018-10-03,32.639286
2018-10-02,32.743633
2018-10-01,32.725272
2018-09-30,33.128775
2018-09-29,33.128775
2018-09-28,33.128775
2018-09-27,33.031255
2018-09-26,33.047686
2018-09-25,33.095194
2018-09-24,32.999141
2018-09-23,33.025991
2018-09-22,33.025991
2018-09-21,33.025991
2018-09-20,32.807843
2018-09-19,32.928233
2018-09-18,32.826735
2018-09-17,32.906957000000006
2018-09-16,32.683386
2018-09-15,32.683386
2018-09-14,32.683386
2018-09-13,32.468232
2018-09-12,32.517864
2018-09-11,32.631016
2018-09-10,32.829771
2018-09-09,32.836537
2018-09-08,32.836537
2018-09-07,32.836537
2018-09-06,32.90626
2018-09-05,32.943599
2018-09-04,32.944367
2018-09-03,32.909551
2018-09-02,33.064318
2018-09-01,33.064318
2018-08-31,33.064318
2018-08-30,32.783753000000004
2018-08-29,32.847975
2018-08-28,32.4389
2018-08-27,32.251217000000004
2018-08-26,32.391783000000004
2018-08-25,32.391783000000004
2018-08-24,32.391783000000004
2018-08-23,32.391783000000004
2018-08-22,31.871437999999998
2018-08-21,31.629609000000002
2018-08-20,31.779243
2018-08-19,31.461396
2018-08-18,31.461396
2018-08-17,31.461396
2018-08-16,31.075987
2018-08-15,31.319646
2018-08-14,31.180874
2018-08-13,31.212605
2018-08-12,31.430238
2018-08-11,31.430238
2018-08-10,31.430238
2018-08-09,31.245943999999998
2018-08-08,31.349827
2018-08-07,31.31815
2018-08-06,31.395021999999997
2018-08-05,31.379686000000003
2018-08-04,31.379686000000003
2018-08-03,31.379686000000003
2018-08-02,31.534906999999997
2018-08-01,31.530779000000003
2018-07-31,31.260792000000002
2018-07-30,31.110250999999998
2018-07-29,31.224794000000003
2018-07-28,31.224794000000003
2018-07-27,31.224794000000003
2018-07-26,31.12682
2018-07-25,31.118283
2018-07-24,30.988449
2018-07-23,30.862603
2018-07-22,30.676255
2018-07-21,30.676255
2018-07-20,30.676255
2018-07-19,30.540805999999996
2018-07-18,30.697584000000003
2018-07-17,30.714414
2018-07-16,30.543344
2018-07-15,30.576655000000002
2018-07-14,30.576655000000002
2018-07-13,30.576655000000002
2018-07-12,30.777684
2018-07-11,30.698802999999998
2018-07-10,30.945835000000002
2018-07-09,30.85282
2018-07-08,30.946628999999998
2018-07-07,30.946628999999998
2018-07-06,30.946628999999998
2018-07-05,30.7791
2018-07-04,30.678085999999997
2018-07-03,30.53223
2018-07-02,30.582017
2018-07-01,30.567999
2018-06-30,30.567999
2018-06-29,30.567999
2018-06-28,30.567999
2018-06-27,30.567999
2018-06-26,30.623141
2018-06-25,30.563072000000002
2018-06-24,30.563072000000002
2018-06-23,30.563072000000002
2018-06-22,30.351129999999998
2018-06-21,30.653849
2018-06-20,30.503323
2018-06-19,30.575853000000002
2018-06-18,30.515504
2018-06-17,30.755682
2018-06-16,30.755682
2018-06-15,30.755682
2018-06-14,30.732521000000002
2018-06-13,30.751932999999998
2018-06-12,30.761660000000003
2018-06-11,30.720743000000002
2018-06-10,30.976799
2018-06-09,30.976799
2018-06-08,30.976799
2018-06-07,30.780023999999997
2018-06-06,30.537375
2018-06-05,30.672154999999997
2018-06-04,30.472361
2018-06-03,30.56049
2018-06-02,30.56049
2018-06-01,30.56049
2018-05-31,30.401182
2018-05-30,30.165158
2018-05-29,30.52953
2018-05-28,30.618896
2018-05-27,30.618896
2018-05-26,30.618896
2018-05-25,30.618896
2018-05-24,30.536259
2018-05-23,30.748330999999997
2018-05-22,30.671723
2018-05-21,30.804915
2018-05-20,30.915895
2018-05-19,30.915895
2018-05-18,30.915895
2018-05-17,30.883708000000002
2018-05-16,31.146302000000002
2018-05-15,31.374086000000002
2018-05-14,31.264704000000002
2018-05-13,31.111048
2018-05-12,31.111048
2018-05-11,31.111048
2018-05-10,31.121997999999998
2018-05-09,31.290585
2018-05-08,31.290585
2018-05-07,31.485079
2018-05-06,31.485079
2018-05-05,31.485079
2018-05-04,31.408811
2018-05-03,31.404389000000002
2018-05-02,31.618147
2018-05-01,31.916721
2018-04-30,31.916721
2018-04-29,31.916721
2018-04-28,31.916721
2018-04-27,31.916721
2018-04-26,32.010659000000004
2018-04-25,31.970293
2018-04-24,31.972453
2018-04-23,32.223060000000004
2018-04-22,32.472986999999996
2018-04-21,32.472986999999996
2018-04-20,32.472986999999996
2018-04-19,32.39186
2018-04-18,32.230605999999995
2018-04-17,32.272438
2018-04-16,32.17805
2018-04-15,32.022979
2018-04-14,32.022979
2018-04-13,32.022979
2018-04-12,32.106649000000004
2018-04-11,32.108349
2018-04-10,31.841392999999997
2018-04-09,31.957574
2018-04-08,31.957574
2018-04-07,31.957574
2018-04-06,31.957574
2018-04-05,32.240529
2018-04-04,32.406432
2018-04-03,32.232919
2018-04-02,32.412911
2018-04-01,32.704238000000004
2018-03-31,32.704238000000004
2018-03-30,32.704238000000004
2018-03-29,32.737228
2018-03-28,32.55664
2018-03-27,32.646378
2018-03-26,32.427359
2018-03-25,32.333994
2018-03-24,32.333994
2018-03-23,32.333994
2018-03-22,32.288805
2018-03-21,32.287251999999995
2018-03-20,32.540127000000005
2018-03-19,32.417945
2018-03-18,32.423082
2018-03-17,32.423082
2018-03-16,32.423082
2018-03-15,32.176689
2018-03-14,32.078685
2018-03-13,31.892458
2018-03-12,32.400861
2018-03-11,32.701691000000004
2018-03-10,32.701691000000004
2018-03-09,32.701691000000004
2018-03-08,32.701691000000004
2018-03-07,32.701691000000004
2018-03-06,32.591496
2018-03-05,32.671005
2018-03-04,32.671005
2018-03-03,32.671005
2018-03-02,32.459444
2018-03-01,32.740257
2018-02-28,33.148962000000004
2018-02-27,33.272144
2018-02-26,33.19335
2018-02-25,33.233394
2018-02-24,33.233394
2018-02-23,33.233394
2018-02-22,33.227674
2018-02-21,33.408014
2018-02-20,33.521795000000004
2018-02-19,33.641444
2018-02-18,33.431024
2018-02-17,33.431024
2018-02-16,33.431024
2018-02-15,32.9133
2018-02-14,32.928469
2018-02-13,32.914342000000005
2018-02-12,33.208954
2018-02-11,33.232352999999996
2018-02-10,33.232352999999996
2018-02-09,33.232352999999996
2018-02-08,33.460206
2018-02-07,33.856502
2018-02-06,34.511605
2018-02-05,34.836614
2018-02-04,34.722563
2018-02-03,34.722563
2018-02-02,34.722563
2018-02-01,34.684639000000004
2018-01-31,34.789719
2018-01-30,34.966361
2018-01-29,35.503085999999996
2018-01-28,35.664229
2018-01-27,35.664229
2018-01-26,35.664229
2018-01-25,35.654501
2018-01-24,35.356522
2018-01-23,35.341136999999996
2018-01-22,35.349322
2018-01-21,35.209253
2018-01-20,35.209253
2018-01-19,35.209253
2018-01-18,34.981280999999996
2018-01-17,35.0421
2018-01-16,35.072521
2018-01-15,34.634916
2018-01-14,34.183211
2018-01-13,34.183211
2018-01-12,34.183211
2018-01-11,33.971913
2018-01-10,33.652111
2018-01-09,33.970909999999996
2018-01-08,33.798126
2018-01-07,33.798126
2018-01-06,33.798126
2018-01-05,33.798126
2018-01-04,33.532796
2018-01-03,33.495424
2018-01-02,33.495424
2018-01-01,33.495424
